well,outer_primer,inner_primer_adapter,inner_primer,inner_primer_with_adapter,batch,intended_target_gene_symbol
A1,ATACCCGAAAAGGCAGGCGG,GTCTCGTGGGCTCGGAGATGTGTATAAGAGACAG,CTAAGCCTGCCAAGCCGGAG,GTCTCGTGGGCTCGGAGATGTGTATAAGAGACAGCTAAGCCTGCCAAGCCGGAG,1,ABCF1
A2,TGTCCTCCGCTCCTACCAGG,GTCTCGTGGGCTCGGAGATGTGTATAAGAGACAG,CCACTCACTGCACCCCACTC,GTCTCGTGGGCTCGGAGATGTGTATAAGAGACAGCCACTCACTGCACCCCACTC,1,ABHD16A
A3,ACTATGCCTTACCAAGTACATCCT,GTCTCGTGGGCTCGGAGATGTGTATAAGAGACAG,AGGTGGTACATTCCTAAGGGTATTT,GTCTCGTGGGCTCGGAGATGTGTATAAGAGACAGAGGTGGTACATTCCTAAGGGTATTT,1,ABHD3
A4,TCCATTGCTGCATCTTCTTCTGCT,GTCTCGTGGGCTCGGAGATGTGTATAAGAGACAG,GGAGGCAAGGGAGCGGAAAG,GTCTCGTGGGCTCGGAGATGTGTATAAGAGACAGGGAGGCAAGGGAGCGGAAAG,1,AC084816.1
A5,AAAGCACCCCAATGTCTCTCT,GTCTCGTGGGCTCGGAGATGTGTATAAGAGACAG,GGGATGGGGCCATTGCATCC,GTCTCGTGGGCTCGGAGATGTGTATAAGAGACAGGGGATGGGGCCATTGCATCC,1,ACLY
A6,GGCTTGGTCACTTCGTGGCT,GTCTCGTGGGCTCGGAGATGTGTATAAGAGACAG,GTCTTGCGGGTCTGTCAGGG,GTCTCGTGGGCTCGGAGATGTGTATAAGAGACAGGTCTTGCGGGTCTGTCAGGG,1,ACTG1
A7,TGCCAAAAGAACGTGTTTTATGGGG,GTCTCGTGGGCTCGGAGATGTGTATAAGAGACAG,AACAGAGGGCAAAGAGGGCAC,GTCTCGTGGGCTCGGAGATGTGTATAAGAGACAGAACAGAGGGCAAAGAGGGCAC,1,ADGRL2
A8,CCAGGGTCGTGCACTCTCTG,GTCTCGTGGGCTCGGAGATGTGTATAAGAGACAG,GCACTCACTTCTGCCCCCTG,GTCTCGTGGGCTCGGAGATGTGTATAAGAGACAGGCACTCACTTCTGCCCCCTG,1,AGPAT1
A9,AGGCCCAGCAGGAAGAGAGG,GTCTCGTGGGCTCGGAGATGTGTATAAGAGACAG,CGGGGAGACGTTCAGCTACC,GTCTCGTGGGCTCGGAGATGTGTATAAGAGACAGCGGGGAGACGTTCAGCTACC,1,AIF1
A10,TAGAAACCGTGGCGCTGGAG,GTCTCGTGGGCTCGGAGATGTGTATAAGAGACAG,TGCCCAGCTGGACGCCTATA,GTCTCGTGGGCTCGGAGATGTGTATAAGAGACAGTGCCCAGCTGGACGCCTATA,1,ALYREF
A11,CTGGGTGGCCAACGATGAGA,GTCTCGTGGGCTCGGAGATGTGTATAAGAGACAG,TGTGCCGCCAGGAATGGAAG,GTCTCGTGGGCTCGGAGATGTGTATAAGAGACAGTGTGCCGCCAGGAATGGAAG,1,ANAPC11
A12,AGCCAGCCTCAGAGCACTATG,GTCTCGTGGGCTCGGAGATGTGTATAAGAGACAG,CAGGCCAGCCCAAACTACCC,GTCTCGTGGGCTCGGAGATGTGTATAAGAGACAGCAGGCCAGCCCAAACTACCC,1,ANAPC15
A13,TTCGCTCAAGGCCACAACCAT,GTCTCGTGGGCTCGGAGATGTGTATAAGAGACAG,CTGACGGGACCCACATGCTC,GTCTCGTGGGCTCGGAGATGTGTATAAGAGACAGCTGACGGGACCCACATGCTC,1,ANGPT2
A14,AGAGGCAAGAGAGGCTGCTAA,GTCTCGTGGGCTCGGAGATGTGTATAAGAGACAG,GGCTCCTCTGCCTATGGAATAGCC,GTCTCGTGGGCTCGGAGATGTGTATAAGAGACAGGGCTCCTCTGCCTATGGAATAGCC,1,AP002495.1
A15,CCTGGACAGGGCTGTGGAGA,GTCTCGTGGGCTCGGAGATGTGTATAAGAGACAG,TTATTGCCTCCGTCCGTGCC,GTCTCGTGGGCTCGGAGATGTGTATAAGAGACAGTTATTGCCTCCGTCCGTGCC,1,ARHGDIA
A16,CCAACGATTGACTGCACGGC,GTCTCGTGGGCTCGGAGATGTGTATAAGAGACAG,AAGTGTCCCCAGGGGCTAGG,GTCTCGTGGGCTCGGAGATGTGTATAAGAGACAGAAGTGTCCCCAGGGGCTAGG,1,ARL16
A17,AGTGGGGGACTTGCGAGACT,GTCTCGTGGGCTCGGAGATGTGTATAAGAGACAG,GCCAGGTACATGTCCAGGGC,GTCTCGTGGGCTCGGAGATGTGTATAAGAGACAGGCCAGGTACATGTCCAGGGC,1,ASPSCR1
A18,CTCAACGTCGTCGCACCAGG,GTCTCGTGGGCTCGGAGATGTGTATAAGAGACAG,AAACCTGCAGGAACGTCGCA,GTCTCGTGGGCTCGGAGATGTGTATAAGAGACAGAAACCTGCAGGAACGTCGCA,1,ATAT1
A19,TGAATGGGTTAGGAAAAGCCTCA,GTCTCGTGGGCTCGGAGATGTGTATAAGAGACAG,ACGGTTAACAAGCTTACCAAGGT,GTCTCGTGGGCTCGGAGATGTGTATAAGAGACAGACGGTTAACAAGCTTACCAAGGT,1,ATF2
A20,CCTCCCACCAGCCCCTCTAC,GTCTCGTGGGCTCGGAGATGTGTATAAGAGACAG,GGGTGGTGAGCTGCTGCATA,GTCTCGTGGGCTCGGAGATGTGTATAAGAGACAGGGGTGGTGAGCTGCTGCATA,1,ATF6B
A21,GAGGGTGCTGCTCAGTTGCA,GTCTCGTGGGCTCGGAGATGTGTATAAGAGACAG,CCTGCCCCGTTGGTGTGATT,GTCTCGTGGGCTCGGAGATGTGTATAAGAGACAGCCTGCCCCGTTGGTGTGATT,1,ATN1
A22,GCTTCCTCCTTGTCACCCCG,GTCTCGTGGGCTCGGAGATGTGTATAAGAGACAG,CCCTCATCCCCTCTCCCAGG,GTCTCGTGGGCTCGGAGATGTGTATAAGAGACAGCCCTCATCCCCTCTCCCAGG,1,ATP6V0A1
A23,TAATGCTCTGCTGGCCGTGC,GTCTCGTGGGCTCGGAGATGTGTATAAGAGACAG,CCTTCCCCTCCGCCTCAATG,GTCTCGTGGGCTCGGAGATGTGTATAAGAGACAGCCTTCCCCTCCGCCTCAATG,1,ATP6V1H
A24,ACCTCATGTGAGAACCATGCC,GTCTCGTGGGCTCGGAGATGTGTATAAGAGACAG,TTGTGGAGCCATCGCGAGTT,GTCTCGTGGGCTCGGAGATGTGTATAAGAGACAGTTGTGGAGCCATCGCGAGTT,1,AUTS2
B1,GGGAGGTGGAAAAGTTGAGCTGT,GTCTCGTGGGCTCGGAGATGTGTATAAGAGACAG,GCAGTGGCGCAATCATGGGA,GTCTCGTGGGCTCGGAGATGTGTATAAGAGACAGGCAGTGGCGCAATCATGGGA,1,AZI2
B2,TCCCCATCCTGCACTTCCGA,GTCTCGTGGGCTCGGAGATGTGTATAAGAGACAG,CAGCTGCTCCCAGTGCATCC,GTCTCGTGGGCTCGGAGATGTGTATAAGAGACAGCAGCTGCTCCCAGTGCATCC,1,B3GNTL1
B3,GAACCTTGGGCAGCTGCAGT,GTCTCGTGGGCTCGGAGATGTGTATAAGAGACAG,CTGTGAGCCGGGCAGCTAAG,GTCTCGTGGGCTCGGAGATGTGTATAAGAGACAGCTGTGAGCCGGGCAGCTAAG,1,BAG6
B4,ACCCCATGGACTCCTTTCCCT,GTCTCGTGGGCTCGGAGATGTGTATAAGAGACAG,AGCTTTACCTGGTCACCATGTGA,GTCTCGTGGGCTCGGAGATGTGTATAAGAGACAGAGCTTTACCTGGTCACCATGTGA,1,BECN1
B5,TCACAAAGTTCAGAAAACAGCTGGA,GTCTCGTGGGCTCGGAGATGTGTATAAGAGACAG,GCAGCTTATCACCTTGTGAATGTCG,GTCTCGTGGGCTCGGAGATGTGTATAAGAGACAGGCAGCTTATCACCTTGTGAATGTCG,1,BLOC1S2
B6,TTGGGGAGCTTGCAGCAGAA,GTCTCGTGGGCTCGGAGATGTGTATAAGAGACAG,AGATGCACTACCATTGCTGTTCT,GTCTCGTGGGCTCGGAGATGTGTATAAGAGACAGAGATGCACTACCATTGCTGTTCT,1,BUB1B
B7,GGTGATCCAGGCGTTCTCCG,GTCTCGTGGGCTCGGAGATGTGTATAAGAGACAG,TCCTGAGATCGCCAGCCTGT,GTCTCGTGGGCTCGGAGATGTGTATAAGAGACAGTCCTGAGATCGCCAGCCTGT,1,C12orf57
B8,ACAGAGATGCCAACCTGCACC,GTCTCGTGGGCTCGGAGATGTGTATAAGAGACAG,TGGACACGTTGCTAAGCCAGTC,GTCTCGTGGGCTCGGAGATGTGTATAAGAGACAGTGGACACGTTGCTAAGCCAGTC,1,C1orf50
B9,TTGCAGACACCCCACCTGTG,GTCTCGTGGGCTCGGAGATGTGTATAAGAGACAG,AATTAGCCGGGCGTGGTGAC,GTCTCGTGGGCTCGGAGATGTGTATAAGAGACAGAATTAGCCGGGCGTGGTGAC,1,C1RL
B10,CCAGTGTGGGACCTATGGGC,GTCTCGTGGGCTCGGAGATGTGTATAAGAGACAG,GTTGAGACGCCTTGCTAGAGGT,GTCTCGTGGGCTCGGAGATGTGTATAAGAGACAGGTTGAGACGCCTTGCTAGAGGT,1,C1S
B11,GGCCTCATTTGTCGCCATCG,GTCTCGTGGGCTCGGAGATGTGTATAAGAGACAG,ACTCACCTCCAACGCCTGTG,GTCTCGTGGGCTCGGAGATGTGTATAAGAGACAGACTCACCTCCAACGCCTGTG,1,C6orf136
B12,TGGTGGTGAATAAAGACCAAAGGG,GTCTCGTGGGCTCGGAGATGTGTATAAGAGACAG,GCAGGGCGGATCTGGTGATC,GTCTCGTGGGCTCGGAGATGTGTATAAGAGACAGGCAGGGCGGATCTGGTGATC,1,C6orf47
B13,CCACCCCGCCACGTGTATTT,GTCTCGTGGGCTCGGAGATGTGTATAAGAGACAG,CTGACTAAGGAGGCGGTGGC,GTCTCGTGGGCTCGGAGATGTGTATAAGAGACAGCTGACTAAGGAGGCGGTGGC,1,CABLES1
B14,GGGAAATTTGCTTGAGAATGCCAAA,GTCTCGTGGGCTCGGAGATGTGTATAAGAGACAG,TGTTACACAGGGTAAGCCAAAGG,GTCTCGTGGGCTCGGAGATGTGTATAAGAGACAGTGTTACACAGGGTAAGCCAAAGG,1,CADM2
B15,CTCCCAGTCCAGAGGCCTGA,GTCTCGTGGGCTCGGAGATGTGTATAAGAGACAG,GGAGCCTGGGGACACAAACC,GTCTCGTGGGCTCGGAGATGTGTATAAGAGACAGGGAGCCTGGGGACACAAACC,1,CAVIN1
B16,GCCCAAGAACCAGGACGAACA,GTCTCGTGGGCTCGGAGATGTGTATAAGAGACAG,ATCCACCGCATGCAGCAAGA,GTCTCGTGGGCTCGGAGATGTGTATAAGAGACAGATCCACCGCATGCAGCAAGA,1,CCDC137
B17,AGGGTTGTGAGGACCAAATGAAA,GTCTCGTGGGCTCGGAGATGTGTATAAGAGACAG,TGCTGCTGTTCCTTTTCCCCC,GTCTCGTGGGCTCGGAGATGTGTATAAGAGACAGTGCTGCTGTTCCTTTTCCCCC,1,CCDC30
B18,CAGGAGGCCCGTCAAGATGC,GTCTCGTGGGCTCGGAGATGTGTATAAGAGACAG,CCTCCCGGTCTCATCCTGCA,GTCTCGTGGGCTCGGAGATGTGTATAAGAGACAGCCTCCCGGTCTCATCCTGCA,1,CCDC57
B19,AGCAGCAGCGACTGTTGACA,GTCTCGTGGGCTCGGAGATGTGTATAAGAGACAG,GTCCTGCTCGATGACCTGCA,GTCTCGTGGGCTCGGAGATGTGTATAAGAGACAGGTCCTGCTCGATGACCTGCA,1,CCHCR1
B20,GAGTGCCGTGGATGCCCATT,GTCTCGTGGGCTCGGAGATGTGTATAAGAGACAG,TCACACATCCCGGGTCCTGA,GTCTCGTGGGCTCGGAGATGTGTATAAGAGACAGTCACACATCCCGGGTCCTGA,1,CDC20
B21,CCTGGCACCCTGACACTACG,GTCTCGTGGGCTCGGAGATGTGTATAAGAGACAG,CCCAGCAATGCAGTCACCCA,GTCTCGTGGGCTCGGAGATGTGTATAAGAGACAGCCCAGCAATGCAGTCACCCA,1,CDCA3
B22,CCTTGTGTTTCCAGCGGCCT,GTCTCGTGGGCTCGGAGATGTGTATAAGAGACAG,ATAGTGTGCATGCCACCCGG,GTCTCGTGGGCTCGGAGATGTGTATAAGAGACAGATAGTGTGCATGCCACCCGG,1,CENPX
B23,GAGCAGCCTCCGGACACAAC,GTCTCGTGGGCTCGGAGATGTGTATAAGAGACAG,GCCCACGCCAAGTACCAAGT,GTCTCGTGGGCTCGGAGATGTGTATAAGAGACAGGCCCACGCCAAGTACCAAGT,1,CEP131
B24,ATGCTGGTGGAGGAGTGCCA,GTCTCGTGGGCTCGGAGATGTGTATAAGAGACAG,GACCTTGTCTCAGCTCTGCCA,GTCTCGTGGGCTCGGAGATGTGTATAAGAGACAGGACCTTGTCTCAGCTCTGCCA,1,CER1
C1,TGGAGGGCAAGCCTTTGTGAG,GTCTCGTGGGCTCGGAGATGTGTATAAGAGACAG,TCCCTTGACGGTTCTGGCCT,GTCTCGTGGGCTCGGAGATGTGTATAAGAGACAGTCCCTTGACGGTTCTGGCCT,1,CFL1
C2,CAAGGTTTCCATAAGCTTGGTGAC,GTCTCGTGGGCTCGGAGATGTGTATAAGAGACAG,AGACTGTGGTGAGGGCTGGT,GTCTCGTGGGCTCGGAGATGTGTATAAGAGACAGAGACTGTGGTGAGGGCTGGT,1,CHUK
C3,CTGTGTGTGCTTCCCGGACC,GTCTCGTGGGCTCGGAGATGTGTATAAGAGACAG,TGTTCACACGCATGGTCCCC,GTCTCGTGGGCTCGGAGATGTGTATAAGAGACAGTGTTCACACGCATGGTCCCC,1,CLASP1
C4,TGGATGGCAACGAGCTCACC,GTCTCGTGGGCTCGGAGATGTGTATAAGAGACAG,TGAGGAGATCGAGCTCGCCT,GTCTCGTGGGCTCGGAGATGTGTATAAGAGACAGTGAGGAGATCGAGCTCGCCT,1,CLIC1
C5,ACGCATGGCCCGAAGTCAAA,GTCTCGTGGGCTCGGAGATGTGTATAAGAGACAG,TGGCTGTGCTATGTGTGGCC,GTCTCGTGGGCTCGGAGATGTGTATAAGAGACAGTGGCTGTGCTATGTGTGGCC,1,CLSTN1
C6,TCCCTCAGCTGGACCATCGT,GTCTCGTGGGCTCGGAGATGTGTATAAGAGACAG,TGTTGTCGTGAGTGCAGCCC,GTCTCGTGGGCTCGGAGATGTGTATAAGAGACAGTGTTGTCGTGAGTGCAGCCC,1,CLSTN3
C7,TGCCGGAAAGAAAATTCTGCATTGA,GTCTCGTGGGCTCGGAGATGTGTATAAGAGACAG,AGCTTCCAACAAGCATGTAGGCA,GTCTCGTGGGCTCGGAGATGTGTATAAGAGACAGAGCTTCCAACAAGCATGTAGGCA,1,CMC1
C8,TGTGGATGGGGAGATCGGGG,GTCTCGTGGGCTCGGAGATGTGTATAAGAGACAG,CCAAGTCCCACCGGTTGCTT,GTCTCGTGGGCTCGGAGATGTGTATAAGAGACAGCCAAGTCCCACCGGTTGCTT,1,CNP
C9,GGAGCCCCTTCACATGGTGG,GTCTCGTGGGCTCGGAGATGTGTATAAGAGACAG,TGGACCGTGATTGAGCCCAA,GTCTCGTGGGCTCGGAGATGTGTATAAGAGACAGTGGACCGTGATTGAGCCCAA,1,COA3
C10,CTGCAGAGCCAGATGAGCGG,GTCTCGTGGGCTCGGAGATGTGTATAAGAGACAG,GGCCTTGATGCTCACCCTGG,GTCTCGTGGGCTCGGAGATGTGTATAAGAGACAGGGCCTTGATGCTCACCCTGG,1,COASY
C11,CCCATTGGGCGAAGATGGCT,GTCTCGTGGGCTCGGAGATGTGTATAAGAGACAG,TGTTTGGTCGTAATGTCTGCATGA,GTCTCGTGGGCTCGGAGATGTGTATAAGAGACAGTGTTTGGTCGTAATGTCTGCATGA,1,COL13A1
C12,ACGTGTCTGAGAGCCATAAATGACC,GTCTCGTGGGCTCGGAGATGTGTATAAGAGACAG,TTTGGGTCATGGGGGCGGAT,GTCTCGTGGGCTCGGAGATGTGTATAAGAGACAGTTTGGGTCATGGGGGCGGAT,1,COX15
C13,AGCGTTTTGGAGTACGGGGC,GTCTCGTGGGCTCGGAGATGTGTATAAGAGACAG,GAACGTTTGTGCGAGGCAGC,GTCTCGTGGGCTCGGAGATGTGTATAAGAGACAGGAACGTTTGTGCGAGGCAGC,1,CSNK1D
C14,TCCCAGGTGAAGCCATGGTGA,GTCTCGTGGGCTCGGAGATGTGTATAAGAGACAG,ACCAGTTTGTGCCCAGGCTC,GTCTCGTGGGCTCGGAGATGTGTATAAGAGACAGACCAGTTTGTGCCCAGGCTC,1,CSNK2B
C15,CAGTGGGGCTGGCATCAAGG,GTCTCGTGGGCTCGGAGATGTGTATAAGAGACAG,TTTGCGCCTCGGTATCTGGC,GTCTCGTGGGCTCGGAGATGTGTATAAGAGACAGTTTGCGCCTCGGTATCTGGC,1,CTNNBIP1
C16,CCCACCACCCCCTTTACTCG,GTCTCGTGGGCTCGGAGATGTGTATAAGAGACAG,TCTCGGTGGGGTGTGGGTAAT,GTCTCGTGGGCTCGGAGATGTGTATAAGAGACAGTCTCGGTGGGGTGTGGGTAAT,1,CTNND1
C17,TCAACCCTCTCTACAGGTCCGT,GTCTCGTGGGCTCGGAGATGTGTATAAGAGACAG,CGAAAAGAACATGGGCCGCG,GTCTCGTGGGCTCGGAGATGTGTATAAGAGACAGCGAAAAGAACATGGGCCGCG,1,CTNND2
C18,TCCTCCTGTCAATGGGGGTGT,GTCTCGTGGGCTCGGAGATGTGTATAAGAGACAG,GTGGGCGGTGTGTCTTTCCA,GTCTCGTGGGCTCGGAGATGTGTATAAGAGACAGGTGGGCGGTGTGTCTTTCCA,1,CTTN
C19,CTGTTGCCATGGGAGCCTCA,GTCTCGTGGGCTCGGAGATGTGTATAAGAGACAG,CTGGCCAGGACAGTCGCAAT,GTCTCGTGGGCTCGGAGATGTGTATAAGAGACAGCTGGCCAGGACAGTCGCAAT,1,CUTC
C20,AGCCTCTCTCGAACCTGGGA,GTCTCGTGGGCTCGGAGATGTGTATAAGAGACAG,CAACCATCCTGACCCGCCAG,GTCTCGTGGGCTCGGAGATGTGTATAAGAGACAGCAACCATCCTGACCCGCCAG,1,CYBC1
C21,CCTGACCGATTCATGCTGCCT,GTCTCGTGGGCTCGGAGATGTGTATAAGAGACAG,AGGCATTGTGACTGGCAGCT,GTCTCGTGGGCTCGGAGATGTGTATAAGAGACAGAGGCATTGTGACTGGCAGCT,1,CYP26A1
C22,TGATGGCCCTAGAGCTCGGG,GTCTCGTGGGCTCGGAGATGTGTATAAGAGACAG,GGTGATGACGTCCATGGGCC,GTCTCGTGGGCTCGGAGATGTGTATAAGAGACAGGGTGATGACGTCCATGGGCC,1,DCXR
C23,CCAGATGACGCAGCTGCTGA,GTCTCGTGGGCTCGGAGATGTGTATAAGAGACAG,CTGGCCTTGGGGTACTGCTG,GTCTCGTGGGCTCGGAGATGTGTATAAGAGACAGCTGGCCTTGGGGTACTGCTG,1,DDAH2
C24,CACACACTGGACCCCACTGG,GTCTCGTGGGCTCGGAGATGTGTATAAGAGACAG,GGGGGAAAGAGGGAGCAACG,GTCTCGTGGGCTCGGAGATGTGTATAAGAGACAGGGGGGAAAGAGGGAGCAACG,1,DDR1
D1,GAGGCATGGACATCGAGCGG,GTCTCGTGGGCTCGGAGATGTGTATAAGAGACAG,GACACGGTAGAAGACTCGCCC,GTCTCGTGGGCTCGGAGATGTGTATAAGAGACAGGACACGGTAGAAGACTCGCCC,1,DDX39B
D2,CTCCTTGGTAGCGTGCACGG,GTCTCGTGGGCTCGGAGATGTGTATAAGAGACAG,GGCTCTGCTTCCCGATTCCC,GTCTCGTGGGCTCGGAGATGTGTATAAGAGACAGGGCTCTGCTTCCCGATTCCC,1,DHCR7
D3,TCCGTGTACGCAAGGCCATC,GTCTCGTGGGCTCGGAGATGTGTATAAGAGACAG,GCTGGCTGCTCTACCACGAA,GTCTCGTGGGCTCGGAGATGTGTATAAGAGACAGGCTGGCTGCTCTACCACGAA,1,DHX16
D4,GGAACTCCCCTGTGATTGCAGT,GTCTCGTGGGCTCGGAGATGTGTATAAGAGACAG,TCTAAAGGTGCTGCACTGCCT,GTCTCGTGGGCTCGGAGATGTGTATAAGAGACAGTCTAAAGGTGCTGCACTGCCT,1,DKK1
D5,ACATGTCGTGGGTTGCGGAG,GTCTCGTGGGCTCGGAGATGTGTATAAGAGACAG,CTGTGGCCCTGGACTTTGCT,GTCTCGTGGGCTCGGAGATGTGTATAAGAGACAGCTGTGGCCCTGGACTTTGCT,1,DKK4
D6,TGACAAAACGGGAAGCAGCA,GTCTCGTGGGCTCGGAGATGTGTATAAGAGACAG,AGCAGCCAAAATCAATGAAGCTAA,GTCTCGTGGGCTCGGAGATGTGTATAAGAGACAGAGCAGCCAAAATCAATGAAGCTAA,1,DNAJC19
D7,ACTCGCTATGACAGTGGACAGGA,GTCTCGTGGGCTCGGAGATGTGTATAAGAGACAG,CCTCCCTTCATCACGTCTCCG,GTCTCGTGGGCTCGGAGATGTGTATAAGAGACAGCCTCCCTTCATCACGTCTCCG,1,DNAJC7
D8,AGCCAGATTCCCAAGTGCCTG,GTCTCGTGGGCTCGGAGATGTGTATAAGAGACAG,CAGCCCCTGTTCCTCCAAGTG,GTCTCGTGGGCTCGGAGATGTGTATAAGAGACAGCAGCCCCTGTTCCTCCAAGTG,1,DNMBP
D9,CCCCCACAAGACCTTCGACC,GTCTCGTGGGCTCGGAGATGTGTATAAGAGACAG,CACCAGGTGGCTTCTCCGAA,GTCTCGTGGGCTCGGAGATGTGTATAAGAGACAGCACCAGGTGGCTTCTCCGAA,1,DUS1L
D10,CGGGAAGAAGGTGCAAACGG,GTCTCGTGGGCTCGGAGATGTGTATAAGAGACAG,TCCGGGCCAAGACAGCTCAT,GTCTCGTGGGCTCGGAGATGTGTATAAGAGACAGTCCGGGCCAAGACAGCTCAT,1,EBNA1BP2
D11,CCTGCTGACACTCCACGAGC,GTCTCGTGGGCTCGGAGATGTGTATAAGAGACAG,GAGAAAGAATCCCACAGGGCACT,GTCTCGTGGGCTCGGAGATGTGTATAAGAGACAGGAGAAAGAATCCCACAGGGCACT,1,EGFLAM
D12,TATGGCGACCGCTTCTGGGA,GTCTCGTGGGCTCGGAGATGTGTATAAGAGACAG,ACGGACCACACCCTCTCTCC,GTCTCGTGGGCTCGGAGATGTGTATAAGAGACAGACGGACCACACCCTCTCTCC,1,EHMT2
D13,TGGGGTAAGGCAGAAGCACC,GTCTCGTGGGCTCGGAGATGTGTATAAGAGACAG,GCCCTCTTACCGCTAGCGAG,GTCTCGTGGGCTCGGAGATGTGTATAAGAGACAGGCCCTCTTACCGCTAGCGAG,1,EIF1
D14,CCCAGAGGACACTCACGTGC,GTCTCGTGGGCTCGGAGATGTGTATAAGAGACAG,TGGAAAAGCGGAGACTGCCA,GTCTCGTGGGCTCGGAGATGTGTATAAGAGACAGTGGAAAAGCGGAGACTGCCA,1,EIF4EBP2
D15,GCACCTTAGGGCAGTGTCCG,GTCTCGTGGGCTCGGAGATGTGTATAAGAGACAG,CCACAAAGGGTCTCGTGGCC,GTCTCGTGGGCTCGGAGATGTGTATAAGAGACAGCCACAAAGGGTCTCGTGGCC,1,ELOVL1
D16,GTTCGAGCAGCTGATGGCCC,GTCTCGTGGGCTCGGAGATGTGTATAAGAGACAG,GCTGCCCTCACCTGTGCAAA,GTCTCGTGGGCTCGGAGATGTGTATAAGAGACAGGCTGCCCTCACCTGTGCAAA,1,EMG1
D17,CCTTGCCGATCTGAGCGCTT,GTCTCGTGGGCTCGGAGATGTGTATAAGAGACAG,CACCGCCGTGGAGTTCGTAC,GTCTCGTGGGCTCGGAGATGTGTATAAGAGACAGCACCGCCGTGGAGTTCGTAC,1,ENO1
D18,TGGGCATGTGATCACGCCTG,GTCTCGTGGGCTCGGAGATGTGTATAAGAGACAG,AAGCCTGCGTTGGTCCAGAG,GTCTCGTGGGCTCGGAGATGTGTATAAGAGACAGAAGCCTGCGTTGGTCCAGAG,1,ENO2
D19,GGAGTTGCTAGTCATTACCCCTGC,GTCTCGTGGGCTCGGAGATGTGTATAAGAGACAG,TGTGTCTGGGAGTGCTGGGAA,GTCTCGTGGGCTCGGAGATGTGTATAAGAGACAGTGTGTCTGGGAGTGCTGGGAA,1,ENTPD7
D20,CTCTGCTGTGTGCTGGGGTG,GTCTCGTGGGCTCGGAGATGTGTATAAGAGACAG,TCACTTAACAGCTGCAGGGGC,GTCTCGTGGGCTCGGAGATGTGTATAAGAGACAGTCACTTAACAGCTGCAGGGGC,1,EOMES
D21,GCCCTGAGCTGAACTGGGTTG,GTCTCGTGGGCTCGGAGATGTGTATAAGAGACAG,AGCACAGATTCCTTTGCCCCT,GTCTCGTGGGCTCGGAGATGTGTATAAGAGACAGAGCACAGATTCCTTTGCCCCT,1,EPB41L5
D22,CAAGCTGGCCTTGTGTTGCTG,GTCTCGTGGGCTCGGAGATGTGTATAAGAGACAG,AGAAGGTGCTCACTAACAGAGGT,GTCTCGTGGGCTCGGAGATGTGTATAAGAGACAGAGAAGGTGCTCACTAACAGAGGT,1,ERRFI1
D23,CAACTTGGCACACCTAGGCTGT,GTCTCGTGGGCTCGGAGATGTGTATAAGAGACAG,TGTTGAAAAACTGCTGTGGCC,GTCTCGTGGGCTCGGAGATGTGTATAAGAGACAGTGTTGAAAAACTGCTGTGGCC,1,ESCO1
D24,ACCAGCTTTACCACTTTTCAGCCA,GTCTCGTGGGCTCGGAGATGTGTATAAGAGACAG,GGAGTGCACCTCTCTACTTGGG,GTCTCGTGGGCTCGGAGATGTGTATAAGAGACAGGGAGTGCACCTCTCTACTTGGG,1,ESRRG
E1,AGAGCAATGGTCTGGGCCAA,GTCTCGTGGGCTCGGAGATGTGTATAAGAGACAG,AGCTCTGGCAAGCAAGGCTC,GTCTCGTGGGCTCGGAGATGTGTATAAGAGACAGAGCTCTGGCAAGCAAGGCTC,1,EYA3
E2,TGCATCCGCCGTGGTTTGTA,GTCTCGTGGGCTCGGAGATGTGTATAAGAGACAG,TGACCCCACCCTTCCTTCAGT,GTCTCGTGGGCTCGGAGATGTGTATAAGAGACAGTGACCCCACCCTTCCTTCAGT,1,EZH1
E3,CTACCAGGTGCCCCACGGTA,GTCTCGTGGGCTCGGAGATGTGTATAAGAGACAG,CCTGTGGCCGGAATGCTCAA,GTCTCGTGGGCTCGGAGATGTGTATAAGAGACAGCCTGTGGCCGGAATGCTCAA,1,FAAP100
E4,ACTGGATTTGGGAAAACCTGGTT,GTCTCGTGGGCTCGGAGATGTGTATAAGAGACAG,GAGCAAAGGAGAGACAGCCCC,GTCTCGTGGGCTCGGAGATGTGTATAAGAGACAGGAGCAAAGGAGAGACAGCCCC,1,FAM136A
E5,CCATGGCGGGACACCCAAAA,GTCTCGTGGGCTCGGAGATGTGTATAAGAGACAG,CATGCTGCCCAGGGACCAAG,GTCTCGTGGGCTCGGAGATGTGTATAAGAGACAGCATGCTGCCCAGGGACCAAG,1,FAM183A
E6,TTGCTGGGCCTTGGTGTGAG,GTCTCGTGGGCTCGGAGATGTGTATAAGAGACAG,TGCCTGTGGAAGACATGCCG,GTCTCGTGGGCTCGGAGATGTGTATAAGAGACAGTGCCTGTGGAAGACATGCCG,1,FAM241B
E7,GGGGTCTGCGCTTGGTCTTT,GTCTCGTGGGCTCGGAGATGTGTATAAGAGACAG,GGTGCTGCCCTTATGCCCG,GTCTCGTGGGCTCGGAGATGTGTATAAGAGACAGGGTGCTGCCCTTATGCCCG,1,FASN
E8,TTGCGTTTGAGCCGTTGAGC,GTCTCGTGGGCTCGGAGATGTGTATAAGAGACAG,GACGGCTCGCGATAGGACAA,GTCTCGTGGGCTCGGAGATGTGTATAAGAGACAGGACGGCTCGCGATAGGACAA,1,FJX1
E9,CTCCCTAGGACCCCTCTGCC,GTCTCGTGGGCTCGGAGATGTGTATAAGAGACAG,CTCCCATGCCCTTTGCCCTC,GTCTCGTGGGCTCGGAGATGTGTATAAGAGACAGCTCCCATGCCCTTTGCCCTC,1,FKBP10
E10,GCACATGCACTACACGGGGA,GTCTCGTGGGCTCGGAGATGTGTATAAGAGACAG,CCTGGTGTTCGAGGTGGAGC,GTCTCGTGGGCTCGGAGATGTGTATAAGAGACAGCCTGGTGTTCGAGGTGGAGC,1,FKBP2
E11,CATGGGGGCAGCCAAAGTGA,GTCTCGTGGGCTCGGAGATGTGTATAAGAGACAG,GACAGTGAGGTCCCACCCCT,GTCTCGTGGGCTCGGAGATGTGTATAAGAGACAGGACAGTGAGGTCCCACCCCT,1,FLOT1
E12,CCTGCACACCCACCAGAAGAG,GTCTCGTGGGCTCGGAGATGTGTATAAGAGACAG,TTGCCAAGTGTGTGTCGCTCA,GTCTCGTGGGCTCGGAGATGTGTATAAGAGACAGTTGCCAAGTGTGTGTCGCTCA,1,FLRT2
E13,ACCGAAGCTACAGAGACAGTGGT,GTCTCGTGGGCTCGGAGATGTGTATAAGAGACAG,ACTGCTGCGATTGATGTAGTGGA,GTCTCGTGGGCTCGGAGATGTGTATAAGAGACAGACTGCTGCGATTGATGTAGTGGA,1,FLRT3
E14,CGGGCACTGCTGCTCATAGG,GTCTCGTGGGCTCGGAGATGTGTATAAGAGACAG,TGCTGGCCATAGGGTGTCCT,GTCTCGTGGGCTCGGAGATGTGTATAAGAGACAGTGCTGGCCATAGGGTGTCCT,1,FN3KRP
E15,AGCCGTTCCGTCCCAAACAG,GTCTCGTGGGCTCGGAGATGTGTATAAGAGACAG,TGCTGTTGTTGCAGGGAAGTCT,GTCTCGTGGGCTCGGAGATGTGTATAAGAGACAGTGCTGTTGTTGCAGGGAAGTCT,1,FOXA2
E16,CTTGCTGGGAGTCCACGGTG,GTCTCGTGGGCTCGGAGATGTGTATAAGAGACAG,CCATCAGTCACCAGCCGTCA,GTCTCGTGGGCTCGGAGATGTGTATAAGAGACAGCCATCAGTCACCAGCCGTCA,1,FOXH1
E17,ATCCGACTGGCATTTGTGGCA,GTCTCGTGGGCTCGGAGATGTGTATAAGAGACAG,ACCTGCTCTCTGTACTGCTGTTG,GTCTCGTGGGCTCGGAGATGTGTATAAGAGACAGACCTGCTCTCTGTACTGCTGTTG,1,FOXJ3
E18,GCTGTGAACTCCCGCTCTCC,GTCTCGTGGGCTCGGAGATGTGTATAAGAGACAG,CGGCATGATCCTCGGTTGCT,GTCTCGTGGGCTCGGAGATGTGTATAAGAGACAGCGGCATGATCCTCGGTTGCT,1,FOXK2
E19,GCAACCACTTCTTCACCTGAGGA,GTCTCGTGGGCTCGGAGATGTGTATAAGAGACAG,GGCAGTGACTGTTCTACCTTGAGG,GTCTCGTGGGCTCGGAGATGTGTATAAGAGACAGGGCAGTGACTGTTCTACCTTGAGG,1,FXR1
E20,ACTCTCCATGTGCATTGGGGAC,GTCTCGTGGGCTCGGAGATGTGTATAAGAGACAG,CCACGAACAGGGCGATTTCCT,GTCTCGTGGGCTCGGAGATGTGTATAAGAGACAGCCACGAACAGGGCGATTTCCT,1,GATA6
E21,ACCTTGCCAAACAGCACCACT,GTCTCGTGGGCTCGGAGATGTGTATAAGAGACAG,CCCTTGCCAGTCCCAACCTG,GTCTCGTGGGCTCGGAGATGTGTATAAGAGACAGCCCTTGCCAGTCCCAACCTG,1,GLI2
E22,CCAAGGCGGCTCGGAATGAT,GTCTCGTGGGCTCGGAGATGTGTATAAGAGACAG,GGGATGCGGATGAGGAGGGA,GTCTCGTGGGCTCGGAGATGTGTATAAGAGACAGGGGATGCGGATGAGGAGGGA,1,GNL1
E23,ACTGGGATTAGAGCCTTTGGAGGT,GTCTCGTGGGCTCGGAGATGTGTATAAGAGACAG,GGTGTCGGCTGCGGCATTAA,GTCTCGTGGGCTCGGAGATGTGTATAAGAGACAGGGTGTCGGCTGCGGCATTAA,1,GOT1
E24,GCCAATCCCATCCCCACTGT,GTCTCGTGGGCTCGGAGATGTGTATAAGAGACAG,GTGGCTGGGAGGGAGAGACC,GTCTCGTGGGCTCGGAGATGTGTATAAGAGACAGGTGGCTGGGAGGGAGAGACC,1,GPANK1
F1,TTGGACCGTGGAAGAACAGCA,GTCTCGTGGGCTCGGAGATGTGTATAAGAGACAG,CAAGAATGTTTTGTTGGGCTGTGT,GTCTCGTGGGCTCGGAGATGTGTATAAGAGACAGCAAGAATGTTTTGTTGGGCTGTGT,1,GPBP1
F2,TCAAGTCCCCGCCCAGAGAA,GTCTCGTGGGCTCGGAGATGTGTATAAGAGACAG,CAGGACATCTGCACCCCCTC,GTCTCGTGGGCTCGGAGATGTGTATAAGAGACAGCAGGACATCTGCACCCCCTC,1,GPS1
F3,ATGCCTAGGTGGGATGGGACA,GTCTCGTGGGCTCGGAGATGTGTATAAGAGACAG,TGCCCATGGGATCCTGAGGA,GTCTCGTGGGCTCGGAGATGTGTATAAGAGACAGTGCCCATGGGATCCTGAGGA,1,GREB1L
F4,CCAAAGCAGCACATGGAGCAC,GTCTCGTGGGCTCGGAGATGTGTATAAGAGACAG,CCCCCATCACGGCACTTACC,GTCTCGTGGGCTCGGAGATGTGTATAAGAGACAGCCCCCATCACGGCACTTACC,1,GRIA4
F5,GGAAAGTGCACCTCCGCGAG,GTCTCGTGGGCTCGGAGATGTGTATAAGAGACAG,CGAAGGCGTCACCGGAGAAG,GTCTCGTGGGCTCGGAGATGTGTATAAGAGACAGCGAAGGCGTCACCGGAGAAG,1,GSC
F6,AGGTGACCCGGGAGAGTGTG,GTCTCGTGGGCTCGGAGATGTGTATAAGAGACAG,CCAAGCGGCTCATGGTGGTG,GTCTCGTGGGCTCGGAGATGTGTATAAGAGACAGCCAAGCGGCTCATGGTGGTG,1,GTF2H4
F7,ACATGTAGCTGCACTATGCCAGA,GTCTCGTGGGCTCGGAGATGTGTATAAGAGACAG,ACCTGCCCTTGGAGGTCACA,GTCTCGTGGGCTCGGAGATGTGTATAAGAGACAGACCTGCCCTTGGAGGTCACA,1,GZF1
F8,AAGGAAGCAGGTCTCCGCGA,GTCTCGTGGGCTCGGAGATGTGTATAAGAGACAG,TGTTGGTGTGCGTGTTCCGT,GTCTCGTGGGCTCGGAGATGTGTATAAGAGACAGTGTTGGTGTGCGTGTTCCGT,1,H2AFY2
F9,GGTGAGGCAGAGACACATGGA,GTCTCGTGGGCTCGGAGATGTGTATAAGAGACAG,ACACACCATGCCAATAAATGAGATGA,GTCTCGTGGGCTCGGAGATGTGTATAAGAGACAGACACACCATGCCAATAAATGAGATGA,1,HAS2
F10,CGCCTCGTCTCTAACTGCCG,GTCTCGTGGGCTCGGAGATGTGTATAAGAGACAG,GCCCTGTGGGTCATGGTCTG,GTCTCGTGGGCTCGGAGATGTGTATAAGAGACAGGCCCTGTGGGTCATGGTCTG,1,HGS
F11,GGAGCTACTCTCAGGCTGCG,GTCTCGTGGGCTCGGAGATGTGTATAAGAGACAG,CCCCTGTTCCCATGCTGACC,GTCTCGTGGGCTCGGAGATGTGTATAAGAGACAGCCCCTGTTCCCATGCTGACC,1,HLA-B
F12,CAGCTGCCTGTGTGGGACTG,GTCTCGTGGGCTCGGAGATGTGTATAAGAGACAG,ACCTGTGTTCCCTCCCCGAT,GTCTCGTGGGCTCGGAGATGTGTATAAGAGACAGACCTGTGTTCCCTCCCCGAT,1,HLA-C
F13,GAGCAGGACCTGACCACCAC,GTCTCGTGGGCTCGGAGATGTGTATAAGAGACAG,TCCCTGCTCCAGTGTGTCCG,GTCTCGTGGGCTCGGAGATGTGTATAAGAGACAGTCCCTGCTCCAGTGTGTCCG,1,HLA-E
F14,AGGTGGAAGAAGAGCCCGAAGA,GTCTCGTGGGCTCGGAGATGTGTATAAGAGACAG,TGGATGCCCCCTAATCCCCT,GTCTCGTGGGCTCGGAGATGTGTATAAGAGACAGTGGATGCCCCCTAATCCCCT,1,HSP90B1
F15,CAAGATCAGCGAGGCGGACA,GTCTCGTGGGCTCGGAGATGTGTATAAGAGACAG,TCAGGCCCCACCATTGAGGA,GTCTCGTGGGCTCGGAGATGTGTATAAGAGACAGTCAGGCCCCACCATTGAGGA,1,HSPA1A
F16,CCAAGGGAGGGTCTGGGTCA,GTCTCGTGGGCTCGGAGATGTGTATAAGAGACAG,CAAGGACTTTGCTGCTGTTTTCCT,GTCTCGTGGGCTCGGAGATGTGTATAAGAGACAGCAAGGACTTTGCTGCTGTTTTCCT,1,HSPA1B
F17,TCCCCCAACTGGTGAAGAGGA,GTCTCGTGGGCTCGGAGATGTGTATAAGAGACAG,GCAGTTGCTCACATGTCTTTGGG,GTCTCGTGGGCTCGGAGATGTGTATAAGAGACAGGCAGTTGCTCACATGTCTTTGGG,1,HSPA5
F18,CTGGAGCCCATCAACACCCG,GTCTCGTGGGCTCGGAGATGTGTATAAGAGACAG,CGGGAGTTCCTGCCCATTGT,GTCTCGTGGGCTCGGAGATGTGTATAAGAGACAGCGGGAGTTCCTGCCCATTGT,1,HYI
F19,GTGGGAAGGAGAGCGTCGTT,GTCTCGTGGGCTCGGAGATGTGTATAAGAGACAG,ACCTGGAACTGCGGCAAAGT,GTCTCGTGGGCTCGGAGATGTGTATAAGAGACAGACCTGGAACTGCGGCAAAGT,1,IER3
F20,ACCAGTTTCTGCGGCCTTCC,GTCTCGTGGGCTCGGAGATGTGTATAAGAGACAG,AGGACCGGGCTGGGGTTTAT,GTCTCGTGGGCTCGGAGATGTGTATAAGAGACAGAGGACCGGGCTGGGGTTTAT,1,INPPL1
F21,TCCACCGACCAACTGCCCTA,GTCTCGTGGGCTCGGAGATGTGTATAAGAGACAG,GCTGACCCCGAGAAGTGCTC,GTCTCGTGGGCTCGGAGATGTGTATAAGAGACAGGCTGACCCCGAGAAGTGCTC,1,JUP
F22,TTCCCCTACAGGCAGTGTTTG,GTCTCGTGGGCTCGGAGATGTGTATAAGAGACAG,TTGGAGAACAGCTGCCATCTTGT,GTCTCGTGGGCTCGGAGATGTGTATAAGAGACAGTTGGAGAACAGCTGCCATCTTGT,1,KCNH5
F23,GGTGTGGCATCTGTCCAGGC,GTCTCGTGGGCTCGGAGATGTGTATAAGAGACAG,GCAGAGCCTGGTGGGTGATT,GTCTCGTGGGCTCGGAGATGTGTATAAGAGACAGGCAGAGCCTGGTGGGTGATT,1,KDM4A
F24,GGCTAGTTTTGTGCATGGGCC,GTCTCGTGGGCTCGGAGATGTGTATAAGAGACAG,TGCTGGCTACGATCTCTGACT,GTCTCGTGGGCTCGGAGATGTGTATAAGAGACAGTGCTGGCTACGATCTCTGACT,1,KIF26B
G1,TCCCCCTCTAAGAGTGTGGCC,GTCTCGTGGGCTCGGAGATGTGTATAAGAGACAG,CCTCCCCAGACCCTAGACAGG,GTCTCGTGGGCTCGGAGATGTGTATAAGAGACAGCCTCCCCAGACCCTAGACAGG,1,KNOP1
G2,CCAGATGAGCAGGTCCGAGG,GTCTCGTGGGCTCGGAGATGTGTATAAGAGACAG,TCAGGAGTACCAGCGGCTCA,GTCTCGTGGGCTCGGAGATGTGTATAAGAGACAGTCAGGAGTACCAGCGGCTCA,1,KRT19
G3,TCTCTACCCCACCCCCTTGG,GTCTCGTGGGCTCGGAGATGTGTATAAGAGACAG,GGGGGCCAAAAGGACAGAGC,GTCTCGTGGGCTCGGAGATGTGTATAAGAGACAGGGGGGCCAAAAGGACAGAGC,1,LAMTOR1
G4,TTGCAGGGCTTTCGGCTCAC,GTCTCGTGGGCTCGGAGATGTGTATAAGAGACAG,ACCCACACAGGTTTTATTTTTGTGTCT,GTCTCGTGGGCTCGGAGATGTGTATAAGAGACAGACCCACACAGGTTTTATTTTTGTGTCT,1,LHX1
G5,ATTCCACCTCCTGCTTGGCG,GTCTCGTGGGCTCGGAGATGTGTATAAGAGACAG,CCAGGAGCTTTCCCAGATGCC,GTCTCGTGGGCTCGGAGATGTGTATAAGAGACAGCCAGGAGCTTTCCCAGATGCC,1,LHX1-DT
G6,CTGGAATGCAGTGGCGGGAT,GTCTCGTGGGCTCGGAGATGTGTATAAGAGACAG,TCCCCCATGCACATTGCCTT,GTCTCGTGGGCTCGGAGATGTGTATAAGAGACAGTCCCCCATGCACATTGCCTT,1,LPCAT3
G7,TAGGCTGGGGATGTCCTCCG,GTCTCGTGGGCTCGGAGATGTGTATAAGAGACAG,CAGACCCGGCCTTTCTGGTT,GTCTCGTGGGCTCGGAGATGTGTATAAGAGACAGCAGACCCGGCCTTTCTGGTT,1,LRRC20
G8,GAGGAGGAGGAACGGGCTGA,GTCTCGTGGGCTCGGAGATGTGTATAAGAGACAG,GGATCTGCTCTGTGCCGGTC,GTCTCGTGGGCTCGGAGATGTGTATAAGAGACAGGGATCTGCTCTGTGCCGGTC,1,LRRC23
G9,CTTCCTGCAGAACGCCGTCC,GTCTCGTGGGCTCGGAGATGTGTATAAGAGACAG,GACTGTTGGTGGTGTCGCGG,GTCTCGTGGGCTCGGAGATGTGTATAAGAGACAGGACTGTTGGTGGTGTCGCGG,1,LRRC45
G10,ACCATCACGCCCCAACAAGG,GTCTCGTGGGCTCGGAGATGTGTATAAGAGACAG,AAAATGACACAAATGACTGGGCT,GTCTCGTGGGCTCGGAGATGTGTATAAGAGACAGAAAATGACACAAATGACTGGGCT,1,LRRC4C
G11,CCCTCATGTGGGTGAGCTGTC,GTCTCGTGGGCTCGGAGATGTGTATAAGAGACAG,GCCAAGATGGGCGGATTGCT,GTCTCGTGGGCTCGGAGATGTGTATAAGAGACAGGCCAAGATGGGCGGATTGCT,1,LRRC8B
G12,TTCAGCCCTGTAGACATGAACTGA,GTCTCGTGGGCTCGGAGATGTGTATAAGAGACAG,TGGGTACTAGCTCTGTGAAGGAGA,GTCTCGTGGGCTCGGAGATGTGTATAAGAGACAGTGGGTACTAGCTCTGTGAAGGAGA,1,LSAMP
G13,ACAGGATGCGGCAAGGAAGG,GTCTCGTGGGCTCGGAGATGTGTATAAGAGACAG,GTCCCAGCCCAGAACCCCTA,GTCTCGTGGGCTCGGAGATGTGTATAAGAGACAGGTCCCAGCCCAGAACCCCTA,1,LSM2
G14,AGGCTAGTCAGAACCCTATACCA,GTCTCGTGGGCTCGGAGATGTGTATAAGAGACAG,AGAATGCATCTTTATAAATGGGTGCT,GTCTCGTGGGCTCGGAGATGTGTATAAGAGACAGAGAATGCATCTTTATAAATGGGTGCT,1,LYPLA1
G15,CGCTCAAAGGTCCCCGTGTT,GTCTCGTGGGCTCGGAGATGTGTATAAGAGACAG,CACCAGCTGCTCCGGATGTG,GTCTCGTGGGCTCGGAGATGTGTATAAGAGACAGCACCAGCTGCTCCGGATGTG,1,LZTS2
G16,GCTGAGAGGTGGGTCCAAGC,GTCTCGTGGGCTCGGAGATGTGTATAAGAGACAG,CACACTTCGTGTAGGGCGGG,GTCTCGTGGGCTCGGAGATGTGTATAAGAGACAGCACACTTCGTGTAGGGCGGG,1,MAFG
G17,CCTGGCCACTGCAGGATCAG,GTCTCGTGGGCTCGGAGATGTGTATAAGAGACAG,CCTGGTGTCTGCGGTCACAG,GTCTCGTGGGCTCGGAGATGTGTATAAGAGACAGCCTGGTGTCTGCGGTCACAG,1,MCRIP1
G18,AGGGATTTGGAAGCCACAGGTT,GTCTCGTGGGCTCGGAGATGTGTATAAGAGACAG,TGGGGTCAGGAACTTGAAGGG,GTCTCGTGGGCTCGGAGATGTGTATAAGAGACAGTGGGGTCAGGAACTTGAAGGG,1,MDC1
G19,GGAGCTGGGACGATCCTTGC,GTCTCGTGGGCTCGGAGATGTGTATAAGAGACAG,CCATGCATCCCTACCAGCGG,GTCTCGTGGGCTCGGAGATGTGTATAAGAGACAGCCATGCATCCCTACCAGCGG,1,MED8
G20,ATGAGTCACAGGCTGCGGTG,GTCTCGTGGGCTCGGAGATGTGTATAAGAGACAG,GCCTTGGTGTGCCGTCTGAT,GTCTCGTGGGCTCGGAGATGTGTATAAGAGACAGGCCTTGGTGTGCCGTCTGAT,1,METRNL
G21,TGGGAAGAGGAGATCGAGGCC,GTCTCGTGGGCTCGGAGATGTGTATAAGAGACAG,TGCAGCAAATTCAATGATAGCAGT,GTCTCGTGGGCTCGGAGATGTGTATAAGAGACAGTGCAGCAAATTCAATGATAGCAGT,1,MIB1
G22,ACTTGAGGCATTTTGTTGTCGGG,GTCTCGTGGGCTCGGAGATGTGTATAAGAGACAG,CGAAAGGGAGGGCTTGGGAAT,GTCTCGTGGGCTCGGAGATGTGTATAAGAGACAGCGAAAGGGAGGGCTTGGGAAT,1,MKRN1
G23,ACACCAGGACAACCCCCATG,GTCTCGTGGGCTCGGAGATGTGTATAAGAGACAG,GCGGGAGATTGTGATTGGCG,GTCTCGTGGGCTCGGAGATGTGTATAAGAGACAGGCGGGAGATTGTGATTGGCG,1,MLX
G24,GGGGTGCTGTGTGGCTCAAT,GTCTCGTGGGCTCGGAGATGTGTATAAGAGACAG,GGAGCAGTACAGTGACCGCG,GTCTCGTGGGCTCGGAGATGTGTATAAGAGACAGGGAGCAGTACAGTGACCGCG,1,MOGS
H1,AGTCGTGGCTGGTCTCCAAC,GTCTCGTGGGCTCGGAGATGTGTATAAGAGACAG,TAGAACCCCGCACTTGTGCC,GTCTCGTGGGCTCGGAGATGTGTATAAGAGACAGTAGAACCCCGCACTTGTGCC,1,MRI1
H2,ACACATTTCACCGTCCGCCT,GTCTCGTGGGCTCGGAGATGTGTATAAGAGACAG,TCCAGCTCGGAGGACTTGTGT,GTCTCGTGGGCTCGGAGATGTGTATAAGAGACAGTCCAGCTCGGAGGACTTGTGT,1,MRPL12
H3,ACTGATGCAAAGAACCGTGGGT,GTCTCGTGGGCTCGGAGATGTGTATAAGAGACAG,ATGGGTGGTGAATATGGCCGA,GTCTCGTGGGCTCGGAGATGTGTATAAGAGACAGATGGGTGGTGAATATGGCCGA,1,MRPL15
H4,CGGAGTTTGGATCGGGCCAA,GTCTCGTGGGCTCGGAGATGTGTATAAGAGACAG,AACCAGCTGCTGCAGGGTTT,GTCTCGTGGGCTCGGAGATGTGTATAAGAGACAGAACCAGCTGCTGCAGGGTTT,1,MRPL17
H5,GTTCAGGATCCTGCCCCAGC,GTCTCGTGGGCTCGGAGATGTGTATAAGAGACAG,TCTGGGGGCAGTGACCTTGT,GTCTCGTGGGCTCGGAGATGTGTATAAGAGACAGTCTGGGGGCAGTGACCTTGT,1,MRPL43
H6,ACTTGATCCCAGGAGGCGGA,GTCTCGTGGGCTCGGAGATGTGTATAAGAGACAG,GTGGCCAGTGACAAATCCAGGA,GTCTCGTGGGCTCGGAGATGTGTATAAGAGACAGGTGGCCAGTGACAAATCCAGGA,1,MRPS18B
H7,GCAGCTTTCTCACCCAGCCA,GTCTCGTGGGCTCGGAGATGTGTATAAGAGACAG,ATGCCCAGGACTAAGGCCCA,GTCTCGTGGGCTCGGAGATGTGTATAAGAGACAGATGCCCAGGACTAAGGCCCA,1,MRPS25
H8,CGAAGGTGTTGCGAAGGCCA,GTCTCGTGGGCTCGGAGATGTGTATAAGAGACAG,TCATGAGCCAGGAAGTGCTGC,GTCTCGTGGGCTCGGAGATGTGTATAAGAGACAGTCATGAGCCAGGAAGTGCTGC,1,MSH5
H9,CCACGCCGAGAACTACAGCC,GTCTCGTGGGCTCGGAGATGTGTATAAGAGACAG,TGGACTGAGGCCGGTTCCTT,GTCTCGTGGGCTCGGAGATGTGTATAAGAGACAGTGGACTGAGGCCGGTTCCTT,1,NADSYN1
H10,ACGAGCAGAACAGCCGCTAC,GTCTCGTGGGCTCGGAGATGTGTATAAGAGACAG,AGCAGGCCTTCGTTCTCAGC,GTCTCGTGGGCTCGGAGATGTGTATAAGAGACAGAGCAGGCCTTCGTTCTCAGC,1,NAGLU
H11,AACCTTGGCTGCCGTCTCTG,GTCTCGTGGGCTCGGAGATGTGTATAAGAGACAG,TGGGATTGGGAGGCTTTGCTT,GTCTCGTGGGCTCGGAGATGTGTATAAGAGACAGTGGGATTGGGAGGCTTTGCTT,1,NANOG
H12,AGAGGAAAGTTTTGCTTTTTGTGGCA,GTCTCGTGGGCTCGGAGATGTGTATAAGAGACAG,GGAGGACTTGGCAGCACAGC,GTCTCGTGGGCTCGGAGATGTGTATAAGAGACAGGGAGGACTTGGCAGCACAGC,1,NAPB
H13,GGTGGTGTTACGCTTTGCTGC,GTCTCGTGGGCTCGGAGATGTGTATAAGAGACAG,ACATGCGGATAAGGCCCTGC,GTCTCGTGGGCTCGGAGATGTGTATAAGAGACAGACATGCGGATAAGGCCCTGC,1,NARF
H14,TGCGGTAGGCCAAGAAGACG,GTCTCGTGGGCTCGGAGATGTGTATAAGAGACAG,GCCAAGAAGACGCTGGAGGG,GTCTCGTGGGCTCGGAGATGTGTATAAGAGACAGGCCAAGAAGACGCTGGAGGG,1,NDUFAF8
H15,ACTGGGGTGAACCGATGCAC,GTCTCGTGGGCTCGGAGATGTGTATAAGAGACAG,TACCTGGAACGAGGCGGTGA,GTCTCGTGGGCTCGGAGATGTGTATAAGAGACAGTACCTGGAACGAGGCGGTGA,1,NDUFB8
H16,TGGGTATGTACACTCTGGCCG,GTCTCGTGGGCTCGGAGATGTGTATAAGAGACAG,TGCAGAGCCATAGCAGGACATG,GTCTCGTGGGCTCGGAGATGTGTATAAGAGACAGTGCAGAGCCATAGCAGGACATG,1,NECAP1
H17,GCAATATTCCTCATCCTAAATCCCTCC,GTCTCGTGGGCTCGGAGATGTGTATAAGAGACAG,TCTGCTAGATTCTCACTGGGC,GTCTCGTGGGCTCGGAGATGTGTATAAGAGACAGTCTGCTAGATTCTCACTGGGC,1,NEK10
H18,TCATTCCCTGAACGGCGAGC,GTCTCGTGGGCTCGGAGATGTGTATAAGAGACAG,ATCAGGCCGTTGCTGAGCTC,GTCTCGTGGGCTCGGAGATGTGTATAAGAGACAGATCAGGCCGTTGCTGAGCTC,1,NELFE
H19,CTGCCTTCAGGAACACGGGT,GTCTCGTGGGCTCGGAGATGTGTATAAGAGACAG,CCACCACCCTCTCTGCCCTC,GTCTCGTGGGCTCGGAGATGTGTATAAGAGACAGCCACCACCCTCTCTGCCCTC,1,NEU1
H20,TTTGGTGATGTGCCCTGGCC,GTCTCGTGGGCTCGGAGATGTGTATAAGAGACAG,GCAGAGGCCCTCAAGTGACC,GTCTCGTGGGCTCGGAGATGTGTATAAGAGACAGGCAGAGGCCCTCAAGTGACC,1,NFKBIL1
H21,CGGTTCAGGCTGTCCAGAAGTA,GTCTCGTGGGCTCGGAGATGTGTATAAGAGACAG,CGGACACTAACACAAAAGCTACGG,GTCTCGTGGGCTCGGAGATGTGTATAAGAGACAGCGGACACTAACACAAAAGCTACGG,1,NIFK
H22,CCCGCTCTCATGGTGAAGGC,GTCTCGTGGGCTCGGAGATGTGTATAAGAGACAG,GCAAACCCGTAGCAGCCTCT,GTCTCGTGGGCTCGGAGATGTGTATAAGAGACAGGCAAACCCGTAGCAGCCTCT,1,NKIRAS2
H23,GGACACAGTGGACGAGGGGA,GTCTCGTGGGCTCGGAGATGTGTATAAGAGACAG,TCCCCTGCCTGGTCTAGCTC,GTCTCGTGGGCTCGGAGATGTGTATAAGAGACAGTCCCCTGCCTGGTCTAGCTC,1,NLGN2
H24,AGGGGCTGCCCACTCTGTAA,GTCTCGTGGGCTCGGAGATGTGTATAAGAGACAG,AGGGGGCTGGCTGGATGTTC,GTCTCGTGGGCTCGGAGATGTGTATAAGAGACAGAGGGGGCTGGCTGGATGTTC,1,NODAL
I1,GCTTCTGGATCCCGTCGCTG,GTCTCGTGGGCTCGGAGATGTGTATAAGAGACAG,GTGGTCACCCTCGAATGCGT,GTCTCGTGGGCTCGGAGATGTGTATAAGAGACAGGTGGTCACCCTCGAATGCGT,1,NOSIP
I2,AGAGTCAGAGCTAAGCATACAGGC,GTCTCGTGGGCTCGGAGATGTGTATAAGAGACAG,CAGCCCCACCTCGCATCTTC,GTCTCGTGGGCTCGGAGATGTGTATAAGAGACAGCAGCCCCACCTCGCATCTTC,1,NPLOC4
I3,AGGCTTCGGCTTCTGTGGTT,GTCTCGTGGGCTCGGAGATGTGTATAAGAGACAG,AGGTGAACTGAAACCTCTCCTGA,GTCTCGTGGGCTCGGAGATGTGTATAAGAGACAGAGGTGAACTGAAACCTCTCCTGA,1,NRG3
I4,TGGACTGAAGGAGATGCCCCT,GTCTCGTGGGCTCGGAGATGTGTATAAGAGACAG,AGGTGGACCAGGGTCTGCAA,GTCTCGTGGGCTCGGAGATGTGTATAAGAGACAGAGGTGGACCAGGGTCTGCAA,1,NRM
I5,TGGCTTACACAAACTCTAGCAAAA,GTCTCGTGGGCTCGGAGATGTGTATAAGAGACAG,ACGTGTGAAGTGGTCAATCCC,GTCTCGTGGGCTCGGAGATGTGTATAAGAGACAGACGTGTGAAGTGGTCAATCCC,1,NRXN1
I6,CGGGAGCGCTACATGGACTC,GTCTCGTGGGCTCGGAGATGTGTATAAGAGACAG,CTGCTCCCCCGTGAACACAG,GTCTCGTGGGCTCGGAGATGTGTATAAGAGACAGCTGCTCCCCCGTGAACACAG,1,NT5C3B
I7,GCCATGGTCCGTGGACAAGA,GTCTCGTGGGCTCGGAGATGTGTATAAGAGACAG,CCTCTGCCCCCTCCTGTGTT,GTCTCGTGGGCTCGGAGATGTGTATAAGAGACAGCCTCTGCCCCCTCCTGTGTT,1,NTN1
I8,GCTTGGCTAAAGGGGAAATGGACT,GTCTCGTGGGCTCGGAGATGTGTATAAGAGACAG,TCTGTACCCACGCATAACCACT,GTCTCGTGGGCTCGGAGATGTGTATAAGAGACAGTCTGTACCCACGCATAACCACT,1,NTN4
I9,CTTCACTGGCGCCTTCTCGG,GTCTCGTGGGCTCGGAGATGTGTATAAGAGACAG,GCACCTGCCAGAGGATGCTC,GTCTCGTGGGCTCGGAGATGTGTATAAGAGACAGGCACCTGCCAGAGGATGCTC,1,NUMA1
I10,GCGTGGTGGCAGGCATCTAT,GTCTCGTGGGCTCGGAGATGTGTATAAGAGACAG,TGGCAGGGTTTTAGTGTGTGAGT,GTCTCGTGGGCTCGGAGATGTGTATAAGAGACAGTGGCAGGGTTTTAGTGTGTGAGT,1,NUP43
I11,GCCAGACCACGGTCCTTGTT,GTCTCGTGGGCTCGGAGATGTGTATAAGAGACAG,CCAGGACTGGGCCAGCTAGT,GTCTCGTGGGCTCGGAGATGTGTATAAGAGACAGCCAGGACTGGGCCAGCTAGT,1,NXT1
I12,CTGGTGCGAAGGCTGGAGTC,GTCTCGTGGGCTCGGAGATGTGTATAAGAGACAG,CGACCATGGCATCGAGGACC,GTCTCGTGGGCTCGGAGATGTGTATAAGAGACAGCGACCATGGCATCGAGGACC,1,OGFOD3
I13,TGGGCGCAGAAAATTCGGGA,GTCTCGTGGGCTCGGAGATGTGTATAAGAGACAG,CTGCGTGTGGGTGGAGTACG,GTCTCGTGGGCTCGGAGATGTGTATAAGAGACAGCTGCGTGTGGGTGGAGTACG,1,OXLD1
I14,TTCACCCTGGACCCTCGACA,GTCTCGTGGGCTCGGAGATGTGTATAAGAGACAG,TCCAGGTCAGACGGATGGGT,GTCTCGTGGGCTCGGAGATGTGTATAAGAGACAGTCCAGGTCAGACGGATGGGT,1,P3H1
I15,TGCCCAGCAAAGACCCTTCC,GTCTCGTGGGCTCGGAGATGTGTATAAGAGACAG,GGACAGTGCACAGGCTAGCC,GTCTCGTGGGCTCGGAGATGTGTATAAGAGACAGGGACAGTGCACAGGCTAGCC,1,P3H3
I16,GCTGAGGCAGGAGAATCGCC,GTCTCGTGGGCTCGGAGATGTGTATAAGAGACAG,TGGTGGTGGCATTGCAGGTT,GTCTCGTGGGCTCGGAGATGTGTATAAGAGACAGTGGTGGTGGCATTGCAGGTT,1,P3H4
I17,GGAGAAGCTTGTCCCCCGTG,GTCTCGTGGGCTCGGAGATGTGTATAAGAGACAG,TCCTCCTGTCGTGGGCTCAT,GTCTCGTGGGCTCGGAGATGTGTATAAGAGACAGTCCTCCTGTCGTGGGCTCAT,1,P4HB
I18,AAGGGGAGGAGGCCGAAGTT,GTCTCGTGGGCTCGGAGATGTGTATAAGAGACAG,TGGGACTGAATGGGGAGGGAT,GTCTCGTGGGCTCGGAGATGTGTATAAGAGACAGTGGGACTGAATGGGGAGGGAT,1,PALD1
I19,CCGCCATCTGTGCAGGTCCT,GTCTCGTGGGCTCGGAGATGTGTATAAGAGACAG,ACCAGCTTCGAGTTTGCGCT,GTCTCGTGGGCTCGGAGATGTGTATAAGAGACAGACCAGCTTCGAGTTTGCGCT,1,PARK7
I20,TGAGTGTGCCGGCCTTTCAG,GTCTCGTGGGCTCGGAGATGTGTATAAGAGACAG,CCTTGCTGTGGGATGTGCCA,GTCTCGTGGGCTCGGAGATGTGTATAAGAGACAGCCTTGCTGTGGGATGTGCCA,1,PCBD1
I21,TGCTAGAGCTGAAAGTAAGCAGGG,GTCTCGTGGGCTCGGAGATGTGTATAAGAGACAG,ACATATTATGCCATTTTTCCATGCATG,GTCTCGTGGGCTCGGAGATGTGTATAAGAGACAGACATATTATGCCATTTTTCCATGCATG,1,PCDH10
I22,GCTCTGCTTCTGCGCCTTCT,GTCTCGTGGGCTCGGAGATGTGTATAAGAGACAG,GAAGTGAGACGGGCAGACGG,GTCTCGTGGGCTCGGAGATGTGTATAAGAGACAGGAAGTGAGACGGGCAGACGG,1,PCYT2
I23,ATGGTGAGTGCGGCAATCCC,GTCTCGTGGGCTCGGAGATGTGTATAAGAGACAG,TCTCAGTTGTCCCCTGCATGG,GTCTCGTGGGCTCGGAGATGTGTATAAGAGACAGTCTCAGTTGTCCCCTGCATGG,1,PEX5
I24,TTTGTCTGCGGCTTCGAGGT,GTCTCGTGGGCTCGGAGATGTGTATAAGAGACAG,TGCATGAGCTATCTGGAAATCAGGA,GTCTCGTGGGCTCGGAGATGTGTATAAGAGACAGTGCATGAGCTATCTGGAAATCAGGA,1,PEX5L
J1,CGCAAGATTCGAGCAGCCCA,GTCTCGTGGGCTCGGAGATGTGTATAAGAGACAG,CCCACACCGGTTCCCTGAAC,GTCTCGTGGGCTCGGAGATGTGTATAAGAGACAGCCCACACCGGTTCCCTGAAC,1,PHB2
J2,CCACCAATCACGGCCCTCTTT,GTCTCGTGGGCTCGGAGATGTGTATAAGAGACAG,GGTGACTCTGAGAACAGTGACAGC,GTCTCGTGGGCTCGGAGATGTGTATAAGAGACAGGGTGACTCTGAGAACAGTGACAGC,1,PLD5
J3,CAGAGCCCCCAGGTGGAAGA,GTCTCGTGGGCTCGGAGATGTGTATAAGAGACAG,TGCCAAGACCTGCCAGACAC,GTCTCGTGGGCTCGGAGATGTGTATAAGAGACAGTGCCAAGACCTGCCAGACAC,1,PLEKHH3
J4,CCCAGGCCTTCTACCCAGGA,GTCTCGTGGGCTCGGAGATGTGTATAAGAGACAG,ACCAATGGTGAGAAATTTGGGATCCA,GTCTCGTGGGCTCGGAGATGTGTATAAGAGACAGACCAATGGTGAGAAATTTGGGATCCA,1,PLSCR2
J5,GCTTGCTGTCCCCTGAGACC,GTCTCGTGGGCTCGGAGATGTGTATAAGAGACAG,GAACACCAGAGAACCCGGGG,GTCTCGTGGGCTCGGAGATGTGTATAAGAGACAGGAACACCAGAGAACCCGGGG,1,PLXNA2
J6,CAGTGCGGGGTTAGGGATTCC,GTCTCGTGGGCTCGGAGATGTGTATAAGAGACAG,CCGCTTTCCCCTTTCTCCGG,GTCTCGTGGGCTCGGAGATGTGTATAAGAGACAGCCGCTTTCCCCTTTCTCCGG,1,POU3F1
J7,TGTCCTTTCCTCTGGCCCCA,GTCTCGTGGGCTCGGAGATGTGTATAAGAGACAG,TTCCCCCTGTCTCCGTCACC,GTCTCGTGGGCTCGGAGATGTGTATAAGAGACAGTTCCCCCTGTCTCCGTCACC,1,POU5F1
J8,GCTGCCAGAGCCATTGTGGAT,GTCTCGTGGGCTCGGAGATGTGTATAAGAGACAG,TGCTACATCGTGTTCATCTGGA,GTCTCGTGGGCTCGGAGATGTGTATAAGAGACAGTGCTACATCGTGTTCATCTGGA,1,PPA1
J9,TGTTCAGGGCTCTTAGAGATGGTGA,GTCTCGTGGGCTCGGAGATGTGTATAAGAGACAG,ATGGGGGCCTGAATGTCAGC,GTCTCGTGGGCTCGGAGATGTGTATAAGAGACAGATGGGGGCCTGAATGTCAGC,1,PPCS
J10,TCTCATCCTGCAAGTCGGCG,GTCTCGTGGGCTCGGAGATGTGTATAAGAGACAG,AGTGTGTCAGACCATGGCGTG,GTCTCGTGGGCTCGGAGATGTGTATAAGAGACAGAGTGTGTCAGACCATGGCGTG,1,PPFIA1
J11,GCCAGTATTTACCGGGGGCC,GTCTCGTGGGCTCGGAGATGTGTATAAGAGACAG,GTTCCCACAGGCCCCAACAA,GTCTCGTGGGCTCGGAGATGTGTATAAGAGACAGGTTCCCACAGGCCCCAACAA,1,PPIH
J12,GGTGGTGCTGGTCTGCCTTT,GTCTCGTGGGCTCGGAGATGTGTATAAGAGACAG,CTGGAACCTTGCCAGCGTGA,GTCTCGTGGGCTCGGAGATGTGTATAAGAGACAGCTGGAACCTTGCCAGCGTGA,1,PPP1R10
J13,CCTGCCTCCTCCCTTGACCA,GTCTCGTGGGCTCGGAGATGTGTATAAGAGACAG,CTGAAGGTGTGGCTTCCTCCA,GTCTCGTGGGCTCGGAGATGTGTATAAGAGACAGCTGAAGGTGTGGCTTCCTCCA,1,PPP1R18
J14,GCTGCTCCTCCGTATCTGGC,GTCTCGTGGGCTCGGAGATGTGTATAAGAGACAG,CCTGACATCAGCCCTCCCAAC,GTCTCGTGGGCTCGGAGATGTGTATAAGAGACAGCCTGACATCAGCCCTCCCAAC,1,PPT2
J15,ATGAGTGAGGCGCTTGGTGC,GTCTCGTGGGCTCGGAGATGTGTATAAGAGACAG,TCCCCTACATCCCTGGCACTG,GTCTCGTGGGCTCGGAGATGTGTATAAGAGACAGTCCCCTACATCCCTGGCACTG,1,PRR3
J16,CAGCGCGTCGACCTTTACCA,GTCTCGTGGGCTCGGAGATGTGTATAAGAGACAG,TGCCCTGCGCTGGATACCTA,GTCTCGTGGGCTCGGAGATGTGTATAAGAGACAGTGCCCTGCGCTGGATACCTA,1,PRRC2A
J17,CCAAGATCATCCGCCACCCC,GTCTCGTGGGCTCGGAGATGTGTATAAGAGACAG,CAGGGTGATTCTGGTGGCCC,GTCTCGTGGGCTCGGAGATGTGTATAAGAGACAGCAGGGTGATTCTGGTGGCCC,1,PRSS2
J18,GGCCTGACTTGAGCCACTCC,GTCTCGTGGGCTCGGAGATGTGTATAAGAGACAG,GCTCCTGGGACCCTTGGCTA,GTCTCGTGGGCTCGGAGATGTGTATAAGAGACAGGCTCCTGGGACCCTTGGCTA,1,PRSS8
J19,AGAGAGGATGAGGGCTGGTGG,GTCTCGTGGGCTCGGAGATGTGTATAAGAGACAG,CTGCTGGGCTTGTGTACCCC,GTCTCGTGGGCTCGGAGATGTGTATAAGAGACAGCTGCTGGGCTTGTGTACCCC,1,PSMC3IP
J20,CAGTCAGCCTGCCAGTGACTC,GTCTCGTGGGCTCGGAGATGTGTATAAGAGACAG,TCCCACCCACCCTCCAGATC,GTCTCGTGGGCTCGGAGATGTGTATAAGAGACAGTCCCACCCACCCTCCAGATC,1,PSME3
J21,TGGGATATGTGTTGGAAAACTGCT,GTCTCGTGGGCTCGGAGATGTGTATAAGAGACAG,ACTGTTTCATGCTTTGCTCCGA,GTCTCGTGGGCTCGGAGATGTGTATAAGAGACAGACTGTTTCATGCTTTGCTCCGA,1,PTPN4
J22,CCAGGAGTCGGAGTACGGGA,GTCTCGTGGGCTCGGAGATGTGTATAAGAGACAG,GTGAGCGGTGCTGTCCTCAG,GTCTCGTGGGCTCGGAGATGTGTATAAGAGACAGGTGAGCGGTGCTGTCCTCAG,1,PTPN6
J23,GCCTTTCAGGTCCAGGCCAG,GTCTCGTGGGCTCGGAGATGTGTATAAGAGACAG,GCCGACGTCCCCAAACCTAG,GTCTCGTGGGCTCGGAGATGTGTATAAGAGACAGGCCGACGTCCCCAAACCTAG,1,PTPRF
J24,TACCTGGAGACCTACGGCGC,GTCTCGTGGGCTCGGAGATGTGTATAAGAGACAG,ACGGGAAGGTCCTGACGGAT,GTCTCGTGGGCTCGGAGATGTGTATAAGAGACAGACGGGAAGGTCCTGACGGAT,1,PYCARD
K1,CTTCCCGTGTGAGAAGGGCC,GTCTCGTGGGCTCGGAGATGTGTATAAGAGACAG,GCACGCAGATCCCATGGACA,GTCTCGTGGGCTCGGAGATGTGTATAAGAGACAGGCACGCAGATCCCATGGACA,1,PYCR1
K2,AACAGCGGACCCAGCAAGAG,GTCTCGTGGGCTCGGAGATGTGTATAAGAGACAG,AACCCATTGCCCACAACCCC,GTCTCGTGGGCTCGGAGATGTGTATAAGAGACAGAACCCATTGCCCACAACCCC,1,RAB5C
K3,AGAAGCCGGGGAAGAAGTGC,GTCTCGTGGGCTCGGAGATGTGTATAAGAGACAG,TGTCCTCTCTGCCGCCTCAT,GTCTCGTGGGCTCGGAGATGTGTATAAGAGACAGTGTCCTCTCTGCCGCCTCAT,1,RAC3
K4,TAAGCCATCGCCCCTTTGCC,GTCTCGTGGGCTCGGAGATGTGTATAAGAGACAG,CAGGAAAGGAGCACTGTGGGA,GTCTCGTGGGCTCGGAGATGTGTATAAGAGACAGCAGGAAAGGAGCACTGTGGGA,1,RALB
K5,AAGGATTGGTGCGACTGGGC,GTCTCGTGGGCTCGGAGATGTGTATAAGAGACAG,GGGGCCACGAGCTTCTCAAC,GTCTCGTGGGCTCGGAGATGTGTATAAGAGACAGGGGGCCACGAGCTTCTCAAC,1,RAMP2
K6,GCTCAAGACACCGATTCCGCT,GTCTCGTGGGCTCGGAGATGTGTATAAGAGACAG,AGACGTCAGCCTTACAACGCA,GTCTCGTGGGCTCGGAGATGTGTATAAGAGACAGAGACGTCAGCCTTACAACGCA,1,RBBP8
K7,AGGGACACAGCTTCTTTTAAAACCCT,GTCTCGTGGGCTCGGAGATGTGTATAAGAGACAG,GCAACCATCTCCCCCATCCCT,GTCTCGTGGGCTCGGAGATGTGTATAAGAGACAGGCAACCATCTCCCCCATCCCT,1,RBMS3
K8,TCCCAGTAAATGAGGCAAGCA,GTCTCGTGGGCTCGGAGATGTGTATAAGAGACAG,AGAGGGTGGTTGGAGTATGCT,GTCTCGTGGGCTCGGAGATGTGTATAAGAGACAGAGAGGGTGGTTGGAGTATGCT,1,RBMXL1
K9,AAACCCTCGACCCGAAACCC,GTCTCGTGGGCTCGGAGATGTGTATAAGAGACAG,GCGTGCACACTCGGATTTGC,GTCTCGTGGGCTCGGAGATGTGTATAAGAGACAGGCGTGCACACTCGGATTTGC,1,RERE
K10,GTGGGGGTGTGCTGACATGT,GTCTCGTGGGCTCGGAGATGTGTATAAGAGACAG,GGGTGGTCAGGGGTAATGGC,GTCTCGTGGGCTCGGAGATGTGTATAAGAGACAGGGGTGGTCAGGGGTAATGGC,1,RETREG3
K11,CTGGGTGTCAAGGAGCAGGC,GTCTCGTGGGCTCGGAGATGTGTATAAGAGACAG,TTTCTGGGTCGTGCTCCTGC,GTCTCGTGGGCTCGGAGATGTGTATAAGAGACAGTTTCTGGGTCGTGCTCCTGC,1,RFNG
K12,ACGATGGCTCCTTTGTGGTGT,GTCTCGTGGGCTCGGAGATGTGTATAAGAGACAG,TCCGGGATTCCTCAGCAAGC,GTCTCGTGGGCTCGGAGATGTGTATAAGAGACAGTCCGGGATTCCTCAGCAAGC,1,RIMKLA
K13,GTGGTGTGGGGATGATGTGCT,GTCTCGTGGGCTCGGAGATGTGTATAAGAGACAG,AGAACTTTCGGGGTCAGTGCC,GTCTCGTGGGCTCGGAGATGTGTATAAGAGACAGAGAACTTTCGGGGTCAGTGCC,1,RIMKLB
K14,GTTCTGCATCCGTGGCTGGT,GTCTCGTGGGCTCGGAGATGTGTATAAGAGACAG,CCACACGCCATGGACCTCAG,GTCTCGTGGGCTCGGAGATGTGTATAAGAGACAGCCACACGCCATGGACCTCAG,1,RNF121
K15,TCCCTGCTGACCCTTCCGTA,GTCTCGTGGGCTCGGAGATGTGTATAAGAGACAG,CCTGGGGAGGAGGAGTGAAGT,GTCTCGTGGGCTCGGAGATGTGTATAAGAGACAGCCTGGGGAGGAGGAGTGAAGT,1,RNF5
K16,TGTGGCCAATGTCGAAACCT,GTCTCGTGGGCTCGGAGATGTGTATAAGAGACAG,ATCAGGTCTGACCCCAGTGGA,GTCTCGTGGGCTCGGAGATGTGTATAAGAGACAGATCAGGTCTGACCCCAGTGGA,1,ROBO1
K17,CTGTACCAGGCCGCCCATTG,GTCTCGTGGGCTCGGAGATGTGTATAAGAGACAG,CAGCGCTGGACCGTACAGAC,GTCTCGTGGGCTCGGAGATGTGTATAAGAGACAGCAGCGCTGGACCGTACAGAC,1,RPP21
K18,GGTTAACATCTGTAGCTTTTCCAGGTT,GTCTCGTGGGCTCGGAGATGTGTATAAGAGACAG,AGCACCGGCATCCCTACTTG,GTCTCGTGGGCTCGGAGATGTGTATAAGAGACAGAGCACCGGCATCCCTACTTG,1,SAR1A
K19,TGCGTGGTGGGCTATGGGAT,GTCTCGTGGGCTCGGAGATGTGTATAAGAGACAG,GCTGAGGGCTGGCACTTCTT,GTCTCGTGGGCTCGGAGATGTGTATAAGAGACAGGCTGAGGGCTGGCACTTCTT,1,SAT2
K20,AGGGCAGTTTTGAGGCATGACT,GTCTCGTGGGCTCGGAGATGTGTATAAGAGACAG,ACGTCCGTGTGTCCCAGATG,GTCTCGTGGGCTCGGAGATGTGTATAAGAGACAGACGTCCGTGTGTCCCAGATG,1,SCD
K21,GGGATTTTTCTTTGCACGGGGT,GTCTCGTGGGCTCGGAGATGTGTATAAGAGACAG,GGCTCTTTCCTGCTCTGGACA,GTCTCGTGGGCTCGGAGATGTGTATAAGAGACAGGGCTCTTTCCTGCTCTGGACA,1,SEPHS2
K22,CTCAGGCAGGAGGCGTTTACA,GTCTCGTGGGCTCGGAGATGTGTATAAGAGACAG,CTGGGATTACCGGCACCCAC,GTCTCGTGGGCTCGGAGATGTGTATAAGAGACAGCTGGGATTACCGGCACCCAC,1,SGPL1
K23,TTTCCAGGGTGTCTGCGCAC,GTCTCGTGGGCTCGGAGATGTGTATAAGAGACAG,TGACTTTTTGTGTGTGGGCCAC,GTCTCGTGGGCTCGGAGATGTGTATAAGAGACAGTGACTTTTTGTGTGTGGGCCAC,1,SHANK2
K24,GGCCAGTGTCACGGTGAAGG,GTCTCGTGGGCTCGGAGATGTGTATAAGAGACAG,GGCCTTTCCTCGCTCACCAG,GTCTCGTGGGCTCGGAGATGTGTATAAGAGACAGGGCCTTTCCTCGCTCACCAG,1,SIRT7
L1,GGTGAGGTCCAGGTGGCTTG,GTCTCGTGGGCTCGGAGATGTGTATAAGAGACAG,GCCCTTCTCCGAGTTGGCAG,GTCTCGTGGGCTCGGAGATGTGTATAAGAGACAGGCCCTTCTCCGAGTTGGCAG,1,SKIV2L
L2,AGGAGGTACAGAAGCCGGCA,GTCTCGTGGGCTCGGAGATGTGTATAAGAGACAG,GCGGCCACTGCTATGCTCAA,GTCTCGTGGGCTCGGAGATGTGTATAAGAGACAGGCGGCCACTGCTATGCTCAA,1,SLC16A3
L3,GACGCTGAGTGGGAGCTGTC,GTCTCGTGGGCTCGGAGATGTGTATAAGAGACAG,ACGTGGCTGTCCTCTTAAGACAC,GTCTCGTGGGCTCGGAGATGTGTATAAGAGACAGACGTGGCTGTCCTCTTAAGACAC,1,SLC1A3
L4,CAGACCACAAGCGAGTGCCT,GTCTCGTGGGCTCGGAGATGTGTATAAGAGACAG,GGATTGTGCCTGCGTCCCTC,GTCTCGTGGGCTCGGAGATGTGTATAAGAGACAGGGATTGTGCCTGCGTCCCTC,1,SLC25A10
L5,ACCGCCTATTTCCGAGGGGT,GTCTCGTGGGCTCGGAGATGTGTATAAGAGACAG,CACTGAACGAAGCCAGGGGT,GTCTCGTGGGCTCGGAGATGTGTATAAGAGACAGCACTGAACGAAGCCAGGGGT,1,SLC25A28
L6,TCTTTTGTCCAGACGGCGCG,GTCTCGTGGGCTCGGAGATGTGTATAAGAGACAG,CCGTACTCAGTAACAGGCCGG,GTCTCGTGGGCTCGGAGATGTGTATAAGAGACAGCCGTACTCAGTAACAGGCCGG,1,SLC25A33
L7,CTGGCCTGGATCTCCCCACT,GTCTCGTGGGCTCGGAGATGTGTATAAGAGACAG,GAGAGGGGAAGGGCCAGTCT,GTCTCGTGGGCTCGGAGATGTGTATAAGAGACAGGAGAGGGGAAGGGCCAGTCT,1,SLC2A1
L8,AATGCACGTAGCTGAGGCCG,GTCTCGTGGGCTCGGAGATGTGTATAAGAGACAG,ATTGCACTCTAGCCTGGGCC,GTCTCGTGGGCTCGGAGATGTGTATAAGAGACAGATTGCACTCTAGCCTGGGCC,1,SLC2A3
L9,GCAGCAGGTCTGTCTCAGCC,GTCTCGTGGGCTCGGAGATGTGTATAAGAGACAG,GGTCTTCGGGTTGAGCTCGG,GTCTCGTGGGCTCGGAGATGTGTATAAGAGACAGGGTCTTCGGGTTGAGCTCGG,1,SLC38A10
L10,TGTGTTGTGGCTTTTGTTGCTT,GTCTCGTGGGCTCGGAGATGTGTATAAGAGACAG,TCACAATACAGTTCCAATTTTTATGGC,GTCTCGTGGGCTCGGAGATGTGTATAAGAGACAGTCACAATACAGTTCCAATTTTTATGGC,1,SLC4A7
L11,TGGTGGGGACTGGCCAGTAAT,GTCTCGTGGGCTCGGAGATGTGTATAAGAGACAG,TCATGAACAGTGTCGGCGCA,GTCTCGTGGGCTCGGAGATGTGTATAAGAGACAGTCATGAACAGTGTCGGCGCA,1,SLF2
L12,CTGTGTGCTGTCGGACCCAG,GTCTCGTGGGCTCGGAGATGTGTATAAGAGACAG,AACCTGTACAGCTGGAAACGC,GTCTCGTGGGCTCGGAGATGTGTATAAGAGACAGAACCTGTACAGCTGGAAACGC,1,SNRPD1
L13,TCCGGTGTGAATCTCCCCGA,GTCTCGTGGGCTCGGAGATGTGTATAAGAGACAG,GCCACTTGAACAGTTTGGGGG,GTCTCGTGGGCTCGGAGATGTGTATAAGAGACAGGCCACTTGAACAGTTTGGGGG,1,SOX17
L14,TCTGTGGTCTTGTTTAAAAAGGGCA,GTCTCGTGGGCTCGGAGATGTGTATAAGAGACAG,GCTTTTGTTCGATCCCAACTTTCCA,GTCTCGTGGGCTCGGAGATGTGTATAAGAGACAGGCTTTTGTTCGATCCCAACTTTCCA,1,SOX2
L15,CAGTAAGCGCTGTCTGGGGC,GTCTCGTGGGCTCGGAGATGTGTATAAGAGACAG,GCCATGAAGCGCTACCTGCT,GTCTCGTGGGCTCGGAGATGTGTATAAGAGACAGGCCATGAAGCGCTACCTGCT,1,SPSB2
L16,TCCACTTTGGGTTTTCAGCTGTT,GTCTCGTGGGCTCGGAGATGTGTATAAGAGACAG,TGCTTCTCCACCAAATAAGGGCT,GTCTCGTGGGCTCGGAGATGTGTATAAGAGACAGTGCTTCTCCACCAAATAAGGGCT,1,SRPK1
L17,GGACCTAGGGCGAGGGTTCA,GTCTCGTGGGCTCGGAGATGTGTATAAGAGACAG,GGAGCTGAGCCCTGTTGTGG,GTCTCGTGGGCTCGGAGATGTGTATAAGAGACAGGGAGCTGAGCCCTGTTGTGG,1,STAT3
L18,AGTGGTGTGTCTCGACCCCA,GTCTCGTGGGCTCGGAGATGTGTATAAGAGACAG,AGGGGGTAGGGGGAGACTAAA,GTCTCGTGGGCTCGGAGATGTGTATAAGAGACAGAGGGGGTAGGGGGAGACTAAA,1,STAT5B
L19,TGTGCACGACCTCATTGGGG,GTCTCGTGGGCTCGGAGATGTGTATAAGAGACAG,GAGTGTCGGGCTCTCGTGTG,GTCTCGTGGGCTCGGAGATGTGTATAAGAGACAGGAGTGTCGGGCTCTCGTGTG,1,STK19
L20,GCAGGAGCTGAAGCAGAGACAA,GTCTCGTGGGCTCGGAGATGTGTATAAGAGACAG,GAGATGGCCCATTTGGAGCCT,GTCTCGTGGGCTCGGAGATGTGTATAAGAGACAGGAGATGGCCCATTTGGAGCCT,1,SVBP
L21,CCCCCTGGTAGAGTCTCGGG,GTCTCGTGGGCTCGGAGATGTGTATAAGAGACAG,TTGTGGCCACCGTCAAGTCC,GTCTCGTGGGCTCGGAGATGTGTATAAGAGACAGTTGTGGCCACCGTCAAGTCC,1,SZT2
L22,GTGCTGGACGAGGTGGTGAC,GTCTCGTGGGCTCGGAGATGTGTATAAGAGACAG,GGAAAGCCTCGCACAGTGGT,GTCTCGTGGGCTCGGAGATGTGTATAAGAGACAGGGAAAGCCTCGCACAGTGGT,1,TBCD
L23,AGGTTCCCTAGGGTACACTTGCT,GTCTCGTGGGCTCGGAGATGTGTATAAGAGACAG,TGCATTCTGTCAGGCACCCG,GTCTCGTGGGCTCGGAGATGTGTATAAGAGACAGTGCATTCTGTCAGGCACCCG,1,TCEA1
L24,TCGTCACCGTCTTTGGGCTG,GTCTCGTGGGCTCGGAGATGTGTATAAGAGACAG,GGCTTCGGTTTTCCCCTCGG,GTCTCGTGGGCTCGGAGATGTGTATAAGAGACAGGGCTTCGGTTTTCCCCTCGG,1,TMEM107
M1,TCTGTGGATTGCATGGCGTGT,GTCTCGTGGGCTCGGAGATGTGTATAAGAGACAG,CCCACCCAAGACTGCACCAG,GTCTCGTGGGCTCGGAGATGTGTATAAGAGACAGCCCACCCAAGACTGCACCAG,1,TMEM125
M2,CCTTGTGGGTGGTGCTTCCC,GTCTCGTGGGCTCGGAGATGTGTATAAGAGACAG,GGTTGGGACCAGGCCAATCC,GTCTCGTGGGCTCGGAGATGTGTATAAGAGACAGGGTTGGGACCAGGCCAATCC,1,TPI1
M3,TCATTGCCCACGGACCCAAC,GTCTCGTGGGCTCGGAGATGTGTATAAGAGACAG,CTGTTCCAACGGCTCTGGGC,GTCTCGTGGGCTCGGAGATGTGTATAAGAGACAGCTGTTCCAACGGCTCTGGGC,1,TRIM26
M4,TGAGGCATTCTGTGATCCAACCT,GTCTCGTGGGCTCGGAGATGTGTATAAGAGACAG,CCGTGGTTACCGGCTCTCCA,GTCTCGTGGGCTCGGAGATGTGTATAAGAGACAGCCGTGGTTACCGGCTCTCCA,1,TSHZ3
M5,GGGTTGCTGCGAGGACTGAG,GTCTCGTGGGCTCGGAGATGTGTATAAGAGACAG,AAGGTCGGGGCTGAGACTGA,GTCTCGTGGGCTCGGAGATGTGTATAAGAGACAGAAGGTCGGGGCTGAGACTGA,1,TTC25
M6,GCTTCAAGGGAGGTGTCAGCA,GTCTCGTGGGCTCGGAGATGTGTATAAGAGACAG,CCCCTGACTCTGGAGTGGTGT,GTCTCGTGGGCTCGGAGATGTGTATAAGAGACAGCCCCTGACTCTGGAGTGGTGT,1,TUBB
M7,GGTCAGCGGGCTCATGATGG,GTCTCGTGGGCTCGGAGATGTGTATAAGAGACAG,TGAGTACCATGCGGCCACAC,GTCTCGTGGGCTCGGAGATGTGTATAAGAGACAGTGAGTACCATGCGGCCACAC,1,TUBG1
M8,GGTCAGCGGGCTCATGATGG,GTCTCGTGGGCTCGGAGATGTGTATAAGAGACAG,ATGAGTACCATGCGGCCACC,GTCTCGTGGGCTCGGAGATGTGTATAAGAGACAGATGAGTACCATGCGGCCACC,1,TUBG2
M9,GAACATCCGGCGAAGGGGAC,GTCTCGTGGGCTCGGAGATGTGTATAAGAGACAG,AAGCTCCTCTGCTCCCCACT,GTCTCGTGGGCTCGGAGATGTGTATAAGAGACAGAAGCTCCTCTGCTCCCCACT,1,TWNK
M10,GGTGCTTTCTTGAGCCCCCA,GTCTCGTGGGCTCGGAGATGTGTATAAGAGACAG,GGCTCCTGTCTGCCTCTCAGT,GTCTCGTGGGCTCGGAGATGTGTATAAGAGACAGGGCTCCTGTCTGCCTCTCAGT,1,TYSND1
M11,TGTGTGTGTGCTCCTCTGCG,GTCTCGTGGGCTCGGAGATGTGTATAAGAGACAG,GAGCTTTGGTGCAGGGAGCT,GTCTCGTGGGCTCGGAGATGTGTATAAGAGACAGGAGCTTTGGTGCAGGGAGCT,1,UNC5B
M12,AGAGCAGAGGGGCAGCGATA,GTCTCGTGGGCTCGGAGATGTGTATAAGAGACAG,GGGAGGGGTCTCGTTTGTGC,GTCTCGTGGGCTCGGAGATGTGTATAAGAGACAGGGGAGGGGTCTCGTTTGTGC,1,USP5
M13,CGGGCCGACTACAACCTCAC,GTCTCGTGGGCTCGGAGATGTGTATAAGAGACAG,GGCTTCTGATCGCTGCTCCA,GTCTCGTGGGCTCGGAGATGTGTATAAGAGACAGGGCTTCTGATCGCTGCTCCA,1,VARS
M14,TGGGCCTCTGTCCTGATGCT,GTCTCGTGGGCTCGGAGATGTGTATAAGAGACAG,CCAGGGCAAGGCTAAGAGGC,GTCTCGTGGGCTCGGAGATGTGTATAAGAGACAGCCAGGGCAAGGCTAAGAGGC,1,VKORC1
M15,AGACAGACCCAGTGTCCCCC,GTCTCGTGGGCTCGGAGATGTGTATAAGAGACAG,CCTCCCACCCCTTTAGCTGC,GTCTCGTGGGCTCGGAGATGTGTATAAGAGACAGCCTCCCACCCCTTTAGCTGC,1,VPS25
M16,TGCATCCTATCGATCTGGAAAGAGC,GTCTCGTGGGCTCGGAGATGTGTATAAGAGACAG,TGTGGTGGCAATAAATGTCCCAA,GTCTCGTGGGCTCGGAGATGTGTATAAGAGACAGTGTGGTGGCAATAAATGTCCCAA,1,VSNL1
M17,GAGGGTCCATGCAGTTCCCG,GTCTCGTGGGCTCGGAGATGTGTATAAGAGACAG,GCAGCGAGTTCTCGGTTTTGC,GTCTCGTGGGCTCGGAGATGTGTATAAGAGACAGGCAGCGAGTTCTCGGTTTTGC,1,WDR45B
M18,TCATCTTGGCAGTTCTTGTGCT,GTCTCGTGGGCTCGGAGATGTGTATAAGAGACAG,CAGTGACCCCCAGTGCCCTA,GTCTCGTGGGCTCGGAGATGTGTATAAGAGACAGCAGTGACCCCCAGTGCCCTA,1,XKR4
M19,GAATTCGTCCGCTCCCGAGG,GTCTCGTGGGCTCGGAGATGTGTATAAGAGACAG,AGTGCTTGCTTTTTGCCCGTT,GTCTCGTGGGCTCGGAGATGTGTATAAGAGACAGAGTGCTTGCTTTTTGCCCGTT,1,YBX1
M20,GTCAGGTTCCAGATCCCATGCC,GTCTCGTGGGCTCGGAGATGTGTATAAGAGACAG,TGCAAAGAGAACCAAGTATGTGTT,GTCTCGTGGGCTCGGAGATGTGTATAAGAGACAGTGCAAAGAGAACCAAGTATGTGTT,1,ZCWPW2
M21,ATGTTTGCAGCCTGCTGTCCA,GTCTCGTGGGCTCGGAGATGTGTATAAGAGACAG,TCAGCAGATGTCACCACATGGG,GTCTCGTGGGCTCGGAGATGTGTATAAGAGACAGTCAGCAGATGTCACCACATGGG,1,ZNF317
M22,GCATGGGGTTGCCAGTACCAC,GTCTCGTGGGCTCGGAGATGTGTATAAGAGACAG,AGAGACTTTAACGCCATTGCCTG,GTCTCGTGGGCTCGGAGATGTGTATAAGAGACAGAGAGACTTTAACGCCATTGCCTG,1,ZNF608
M23,CCAGGCCAATTTCTCGTGTTGG,GTCTCGTGGGCTCGGAGATGTGTATAAGAGACAG,AGTTCCCACCTGTTGTGCCC,GTCTCGTGGGCTCGGAGATGTGTATAAGAGACAGAGTTCCCACCTGTTGTGCCC,1,ZNF691
